[
{
	"name": "Methuselah",
	"points": [[15,12],[15,13],[16,12],[16,13],[20,12],[21,13],[21,14],[22,12]]
},
{
	"name": "acom",
	"points": [[8,12],[9,10],[9,12],[11,11],[12,12],[13,12],[14,12]]
},
{
	"name": "Glider",
	"points": [[11,11],[11,12],[11,13],[12,13],[13,12]]
},
{
	"name": "GlinderGun",
	"points": [[2,7],[2,8],[3,7],[3,8],[12,7],[12,8],[12,9],[13,6],[13,10],[14,5],[14,11],[15,5],[15,11],[16,8],[17,6],[17,10],[18,7],[18,8],[18,9],[19,8],[22,5],[22,6],[22,7],[23,5],[23,6],[23,7],[24,4],[24,8],[26,3],[26,4],[26,8],[26,9],[36,5],[36,6],[37,5],[37,6]]
},
{
	"name": "Puffer train",
	"points": [[7,7],[7,12],[7,21],[8,8],[8,13],[8,16],[8,22],[9,8],[9,13],[9,14],[9,15],[9,22],[10,5],[10,8],[10,19],[10,22],[11,6],[11,7],[11,8],[11,20],[11,21],[11,22]]
},
{
	"name": "Lightweight spaceship",
	"points": [[18,14],[18,16],[19,13],[20,13],[21,13],[21,16],[22,13],[22,14],[22,15]]
},
{
	"name": "R-pentomino",
	"points": [[8,9],[9,8],[9,9],[9,10],[10,8]]
},
{
	"name": "Pentadecathlon",
	"points": [[13,14],[14,14],[15,13],[15,15],[16,14],[17,14],[18,14],[19,14],[20,13],[20,15],[21,14],[22,14]]
},
{
	"name": "clock",
	"points": [[14,14],[14,15],[15,14],[15,15],[17,14],[17,15],[17,16],[17,17],[18,13],[18,18],[18,20],[18,21],[19,13],[19,15],[19,16],[19,18],[19,20],[19,21],[20,10],[20,11],[20,13],[20,14],[20,18],[21,10],[21,11],[21,13],[21,18],[22,14],[22,15],[22,16],[22,17],[24,16],[24,17],[25,16],[25,17]]
}
]